{
  "ABQ": {
    "city": "Albuquerque",
    "country": "United States",
    "countryCode": "US",
    "latitude": 35.040199,
    "longitude": -106.609001
  },
  "ANC": {
    "city": "Anchorage",
    "country": "United States",
    "countryCode": "US",
    "latitude": 61.1744,
    "longitude": -149.996002
  },
  "IAD": {
    "city": "Ashburn",
    "country": "United States",
    "countryCode": "US",
    "latitude": 38.94449997,
    "longitude": -77.45580292
  },
  "ATL": {
    "city": "Atlanta",
    "country": "United States",
    "countryCode": "US",
    "latitude": 33.6367,
    "longitude": -84.428101
  },
  "AUS": {
    "city": "Austin",
    "country": "United States",
    "countryCode": "US",
    "latitude": 30.197535,
    "longitude": -97.662015
  },
  "BGR": {
    "city": "Bangor",
    "country": "United States",
    "countryCode": "US",
    "latitude": 44.8074,
    "longitude": -68.828102
  },
  "BOS": {
    "city": "Boston",
    "country": "United States",
    "countryCode": "US",
    "latitude": 42.3643,
    "longitude": -71.005203
  },
  "BUF": {
    "city": "Buffalo",
    "country": "United States",
    "countryCode": "US",
    "latitude": 42.94049835,
    "longitude": -78.73220062
  },
  "YYC": {
    "city": "Calgary",
    "country": "Canada",
    "countryCode": "CA",
    "latitude": 51.113899231,
    "longitude": -114.019996643
  },
  "CLT": {
    "city": "Charlotte",
    "country": "United States",
    "countryCode": "US",
    "latitude": 35.2140007019043,
    "longitude": -80.94309997558594
  },
  "MDW": {
    "city": "Chicago",
    "country": "United States",
    "countryCode": "US",
    "latitude": 41.785999,
    "longitude": -87.752403
  },
  "CLE": {
    "city": "Cleveland",
    "country": "United States",
    "countryCode": "US",
    "latitude": 41.4117012024,
    "longitude": -81.8498001099
  },
  "CMH": {
    "city": "Columbus",
    "country": "United States",
    "countryCode": "US",
    "latitude": 39.998001,
    "longitude": -82.891899
  },
  "DFW": {
    "city": "Dallas",
    "country": "United States",
    "countryCode": "US",
    "latitude": 32.896801,
    "longitude": -97.038002
  },
  "DEN": {
    "city": "Denver",
    "country": "United States",
    "countryCode": "US",
    "latitude": 39.861698150635,
    "longitude": -104.672996521
  },
  "DTW": {
    "city": "Detroit",
    "country": "United States",
    "countryCode": "US",
    "latitude": 42.212398529052734,
    "longitude": -83.35340118408203
  },
  "RDU": {
    "city": "Durham",
    "country": "United States",
    "countryCode": "US",
    "latitude": 35.877602,
    "longitude": -78.787498
  },
  "YHZ": {
    "city": "Halifax",
    "country": "Canada",
    "countryCode": "CA",
    "latitude": 44.8807983398,
    "longitude": -63.5085983276
  },
  "HNL": {
    "city": "Honolulu",
    "country": "United States",
    "countryCode": "US",
    "latitude": 21.32062,
    "longitude": -157.924228
  },
  "IAH": {
    "city": "Houston",
    "country": "United States",
    "countryCode": "US",
    "latitude": 29.984399795532227,
    "longitude": -95.34140014648438
  },
  "IND": {
    "city": "Indianapolis",
    "country": "United States",
    "countryCode": "US",
    "latitude": 39.7173,
    "longitude": -86.294403
  },
  "JAX": {
    "city": "Jacksonville",
    "country": "United States",
    "countryCode": "US",
    "latitude": 30.49410057067871,
    "longitude": -81.68789672851562
  },
  "MCI": {
    "city": "Kansas City",
    "country": "United States",
    "countryCode": "US",
    "latitude": 39.2976,
    "longitude": -94.713898
  },
  "LAS": {
    "city": "Las Vegas",
    "country": "United States",
    "countryCode": "US",
    "latitude": 36.083361,
    "longitude": -115.151817
  },
  "LAX": {
    "city": "Los Angeles",
    "country": "United States",
    "countryCode": "US",
    "latitude": 33.942501,
    "longitude": -118.407997
  },
  "MFE": {
    "city": "McAllen",
    "country": "United States",
    "countryCode": "US",
    "latitude": 26.175833,
    "longitude": -98.238611
  },
  "MEM": {
    "city": "Memphis",
    "country": "United States",
    "countryCode": "US",
    "latitude": 35.04240036010742,
    "longitude": -89.97669982910156
  },
  "MIA": {
    "city": "Miami",
    "country": "United States",
    "countryCode": "US",
    "latitude": 25.79319953918457,
    "longitude": -80.29060363769531
  },
  "MSP": {
    "city": "Minneapolis",
    "country": "United States",
    "countryCode": "US",
    "latitude": 44.882,
    "longitude": -93.221802
  },
  "YUL": {
    "city": "Montreal",
    "country": "Canada",
    "countryCode": "CA",
    "latitude": 45.470556,
    "longitude": -73.740833
  },
  "BNA": {
    "city": "Nashville",
    "country": "United States",
    "countryCode": "US",
    "latitude": 36.1245002746582,
    "longitude": -86.6781997680664
  },
  "EWR": {
    "city": "Newark",
    "country": "United States",
    "countryCode": "US",
    "latitude": 40.692501,
    "longitude": -74.168701
  },
  "ORF": {
    "city": "Norfolk",
    "country": "United States",
    "countryCode": "US",
    "latitude": 36.8946,
    "longitude": -76.201202
  },
  "OKC": {
    "city": "Oklahoma City",
    "country": "United States",
    "countryCode": "US",
    "latitude": 35.393101,
    "longitude": -97.6007
  },
  "OMA": {
    "city": "Omaha",
    "country": "United States",
    "countryCode": "US",
    "latitude": 41.3032,
    "longitude": -95.894096
  },
  "YOW": {
    "city": "Ottawa",
    "country": "Canada",
    "countryCode": "CA",
    "latitude": 45.322498,
    "longitude": -75.669197
  },
  "PHL": {
    "city": "Philadelphia",
    "country": "United States",
    "countryCode": "US",
    "latitude": 39.87189865112305,
    "longitude": -75.24109649658203
  },
  "PHX": {
    "city": "Phoenix",
    "country": "United States",
    "countryCode": "US",
    "latitude": 33.435302,
    "longitude": -112.005905
  },
  "PIT": {
    "city": "Pittsburgh",
    "country": "United States",
    "countryCode": "US",
    "latitude": 40.49150085,
    "longitude": -80.23290253
  },
  "PDX": {
    "city": "Portland",
    "country": "United States",
    "countryCode": "US",
    "latitude": 45.58869934,
    "longitude": -122.5979996
  },
  "RIC": {
    "city": "Richmond",
    "country": "United States",
    "countryCode": "US",
    "latitude": 37.50519943237305,
    "longitude": -77.3197021484375
  },
  "SMF": {
    "city": "Sacramento",
    "country": "United States",
    "countryCode": "US",
    "latitude": 38.69540023803711,
    "longitude": -121.59100341796875
  },
  "SLC": {
    "city": "Salt Lake City",
    "country": "United States",
    "countryCode": "US",
    "latitude": 40.785749,
    "longitude": -111.979746
  },
  "SAT": {
    "city": "San Antonio",
    "country": "United States",
    "countryCode": "US",
    "latitude": 29.533701,
    "longitude": -98.469803
  },
  "SAN": {
    "city": "San Diego",
    "country": "United States",
    "countryCode": "US",
    "latitude": 32.7336006165,
    "longitude": -117.190002441
  },
  "SFO": {
    "city": "San Francisco",
    "country": "United States",
    "countryCode": "US",
    "latitude": 37.61899948120117,
    "longitude": -122.375
  },
  "SJC": {
    "city": "San Jose",
    "country": "United States",
    "countryCode": "US",
    "latitude": 37.362452,
    "longitude": -121.929188
  },
  "YXE": {
    "city": "Saskatoon",
    "country": "Canada",
    "countryCode": "CA",
    "latitude": 52.170799255371094,
    "longitude": -106.69999694824219
  },
  "SEA": {
    "city": "Seattle",
    "country": "United States",
    "countryCode": "US",
    "latitude": 47.449162,
    "longitude": -122.311134
  },
  "FSD": {
    "city": "Sioux Falls",
    "country": "United States",
    "countryCode": "US",
    "latitude": 43.585463,
    "longitude": -96.741152
  },
  "STL": {
    "city": "St. Louis",
    "country": "United States",
    "countryCode": "US",
    "latitude": 38.747222,
    "longitude": -90.361389
  },
  "TLH": {
    "city": "Tallahassee",
    "country": "United States",
    "countryCode": "US",
    "latitude": 30.3965,
    "longitude": -84.350304
  },
  "TPA": {
    "city": "Tampa",
    "country": "United States",
    "countryCode": "US",
    "latitude": 27.975500106811523,
    "longitude": -82.533203125
  },
  "YYZ": {
    "city": "Toronto",
    "country": "Canada",
    "countryCode": "CA",
    "latitude": 43.6772,
    "longitude": -79.6306
  },
  "YVR": {
    "city": "Vancouver",
    "country": "Canada",
    "countryCode": "CA",
    "latitude": 49.193901062,
    "longitude": -123.183998108
  },
  "YWG": {
    "city": "Winnipeg",
    "country": "Canada",
    "countryCode": "CA",
    "latitude": 49.909999847399995,
    "longitude": -97.2398986816
  },
  "VCP": {
    "city": "Campinas",
    "country": "Brazil",
    "countryCode": "BR",
    "latitude": -23.006944,
    "longitude": -47.134444
  },
  "ARU": {
    "city": "Aracatuba",
    "country": "Brazil",
    "countryCode": "BR",
    "latitude": -21.141479,
    "longitude": -50.424575
  },
  "ARI": {
    "city": "Arica",
    "country": "Paraguay",
    "countryCode": "PY",
    "latitude": -18.348611,
    "longitude": -70.338889
  },
  "ASU": {
    "city": "Asuncion",
    "country": "Chile",
    "countryCode": "CL",
    "latitude": -25.239722,
    "longitude": -57.519167
  },
  "BAQ": {
    "city": "Barranquilla",
    "country": "Colombia",
    "countryCode": "CO",
    "latitude": 10.8896,
    "longitude": -74.7808
  },
  "CNF": {
    "city": "Belo Horizonte",
    "country": "Brazil",
    "countryCode": "BR",
    "latitude": -19.63571,
    "longitude": -43.966928
  },
  "BEL": {
    "city": "Belem",
    "country": "Brazil",
    "countryCode": "BR",
    "latitude": -1.379279,
    "longitude": -48.476207
  },
  "BNU": {
    "city": "Blumenau",
    "country": "Brazil",
    "countryCode": "BR",
    "latitude": -26.831661,
    "longitude": -49.093569
  },
  "BOG": {
    "city": "Bogota",
    "country": "Colombia",
    "countryCode": "CO",
    "latitude": 4.70159,
    "longitude": -74.1469
  },
  "BSB": {
    "city": "Brasilia",
    "country": "Brazil",
    "countryCode": "BR",
    "latitude": -15.869167,
    "longitude": -47.920834
  },
  "BGI": {
    "city": "Bridgetown",
    "country": "Barbados",
    "countryCode": "BB",
    "latitude": 13.0746,
    "longitude": -59.4925
  },
  "EZE": {
    "city": "Buenos Aires",
    "country": "Argentina",
    "countryCode": "AR",
    "latitude": -34.8222,
    "longitude": -58.5358
  },
  "CCJ": {
    "city": "Cali",
    "country": "India",
    "countryCode": "IN",
    "latitude": 11.1368,
    "longitude": 75.955299
  },
  "CAW": {
    "city": "Campos dos Goytacazes",
    "country": "Brazil",
    "countryCode": "BR",
    "latitude": -21.698299,
    "longitude": -41.301701
  },
  "CFC": {
    "city": "Cacador",
    "country": "Brazil",
    "countryCode": "BR",
    "latitude": -26.787423,
    "longitude": -50.939942
  },
  "XAP": {
    "city": "Chapeco",
    "country": "Brazil",
    "countryCode": "BR",
    "latitude": -27.1342,
    "longitude": -52.6566
  },
  "CCP": {
    "city": "Concepcion",
    "country": "Chile",
    "countryCode": "CL",
    "latitude": -36.772701,
    "longitude": -73.063103
  },
  "COR": {
    "city": "Cordoba",
    "country": "Argentina",
    "countryCode": "AR",
    "latitude": -31.323601,
    "longitude": -64.208
  },
  "CGB": {
    "city": "Cuiaba",
    "country": "Brazil",
    "countryCode": "BR",
    "latitude": -15.6529,
    "longitude": -56.116699
  },
  "CWB": {
    "city": "Curitiba",
    "country": "Brazil",
    "countryCode": "BR",
    "latitude": -25.528499,
    "longitude": -49.1758
  },
  "FLN": {
    "city": "Florianopolis",
    "country": "Brazil",
    "countryCode": "BR",
    "latitude": -27.670279,
    "longitude": -48.552502
  },
  "FOR": {
    "city": "Fortaleza",
    "country": "Brazil",
    "countryCode": "BR",
    "latitude": -3.775833,
    "longitude": -38.532222
  },
  "GEO": {
    "city": "Georgetown",
    "country": "Guyana",
    "countryCode": "GY",
    "latitude": 6.49855,
    "longitude": -58.254101
  },
  "GYN": {
    "city": "Goiania",
    "country": "Brazil",
    "countryCode": "BR",
    "latitude": -16.632,
    "longitude": -49.220699
  },
  "GDL": {
    "city": "Guadalajara",
    "country": "Mexico",
    "countryCode": "MX",
    "latitude": 20.52504,
    "longitude": -103.301557
  },
  "GUA": {
    "city": "Guatemala City",
    "country": "Guatemala",
    "countryCode": "GT",
    "latitude": 14.5833,
    "longitude": -90.527496
  },
  "GYE": {
    "city": "Guayaquil",
    "country": "Ecuador",
    "countryCode": "EC",
    "latitude": -2.15742,
    "longitude": -79.883598
  },
  "NVT": {
    "city": "Itajai",
    "country": "Brazil",
    "countryCode": "BR",
    "latitude": -26.879431,
    "longitude": -48.650979
  },
  "JOI": {
    "city": "Joinville",
    "country": "Brazil",
    "countryCode": "BR",
    "latitude": -26.224501,
    "longitude": -48.797401
  },
  "JDO": {
    "city": "Juazeiro do Norte",
    "country": "Brazil",
    "countryCode": "BR",
    "latitude": -7.21932,
    "longitude": -39.269096
  },
  "KIN": {
    "city": "Kingston",
    "country": "Jamaica",
    "countryCode": "JM",
    "latitude": 17.935699462890625,
    "longitude": -76.7874984741211
  },
  "LPB": {
    "city": "La Paz",
    "country": "Bolivia, Plurinational State of",
    "countryCode": "BO",
    "latitude": -16.5132999420166,
    "longitude": -68.19229888916016
  },
  "LIM": {
    "city": "Lima",
    "country": "Peru",
    "countryCode": "PE",
    "latitude": -12.0219,
    "longitude": -77.114305
  },
  "MAO": {
    "city": "Manaus",
    "country": "Brazil",
    "countryCode": "BR",
    "latitude": -3.03861,
    "longitude": -60.049702
  },
  "MDE": {
    "city": "Medellin",
    "country": "Colombia",
    "countryCode": "CO",
    "latitude": 6.164444,
    "longitude": -75.423056
  },
  "NLU": {
    "city": "Mexico City",
    "country": "Mexico",
    "countryCode": "MX",
    "latitude": 19.7458,
    "longitude": -99.0145
  },
  "NQN": {
    "city": "Neuquen",
    "country": "Argentina",
    "countryCode": "AR",
    "latitude": -38.949001,
    "longitude": -68.155701
  },
  "PMW": {
    "city": "Palmas",
    "country": "Brazil",
    "countryCode": "BR",
    "latitude": -10.291417,
    "longitude": -48.356972
  },
  "PTY": {
    "city": "Panama City",
    "country": "Panama",
    "countryCode": "PA",
    "latitude": 9.071364,
    "longitude": -79.383453
  },
  "PBM": {
    "city": "Paramaribo",
    "country": "Suriname",
    "countryCode": "SR",
    "latitude": 5.452831,
    "longitude": -55.187783
  },
  "POS": {
    "city": "Port of Spain",
    "country": "Trinidad and Tobago",
    "countryCode": "TT",
    "latitude": 10.5954,
    "longitude": -61.3372
  },
  "POA": {
    "city": "Porto Alegre",
    "country": "Brazil",
    "countryCode": "BR",
    "latitude": -29.993889,
    "longitude": -51.171389
  },
  "QRO": {
    "city": "Queretaro",
    "country": "Mexico",
    "countryCode": "MX",
    "latitude": 20.6173,
    "longitude": -100.185997
  },
  "UIO": {
    "city": "Quito",
    "country": "Ecuador",
    "countryCode": "EC",
    "latitude": -0.125399,
    "longitude": -78.354306
  },
  "REC": {
    "city": "Recife",
    "country": "Brazil",
    "countryCode": "BR",
    "latitude": -8.125984,
    "longitude": -34.923316
  },
  "RAO": {
    "city": "Ribeirao Preto",
    "country": "Brazil",
    "countryCode": "BR",
    "latitude": -21.134314,
    "longitude": -47.774053
  },
  "GIG": {
    "city": "Rio de Janeiro",
    "country": "Brazil",
    "countryCode": "BR",
    "latitude": -22.809999,
    "longitude": -43.250557
  },
  "SSA": {
    "city": "Salvador",
    "country": "Brazil",
    "countryCode": "BR",
    "latitude": -12.908611,
    "longitude": -38.322498
  },
  "SJU": {
    "city": "San Juan",
    "country": "Puerto Rico",
    "countryCode": "PR",
    "latitude": 18.4393997192,
    "longitude": -66.0018005371
  },
  "SAP": {
    "city": "San Pedro Sula",
    "country": "Honduras",
    "countryCode": "HN",
    "latitude": 15.4526,
    "longitude": -87.923599
  },
  "STI": {
    "city": "Santiago de los Caballeros",
    "country": "Dominican Republic",
    "countryCode": "DO",
    "latitude": 19.406092,
    "longitude": -70.604689
  },
  "SCL": {
    "city": "Santiago",
    "country": "Chile",
    "countryCode": "CL",
    "latitude": -33.393001556396484,
    "longitude": -70.78579711914062
  },
  "SDQ": {
    "city": "Santo Domingo",
    "country": "Dominican Republic",
    "countryCode": "DO",
    "latitude": 18.42970085144,
    "longitude": -69.668899536133
  },
  "SOD": {
    "city": "Sorocaba",
    "country": "Brazil",
    "countryCode": "BR",
    "latitude": -23.478001,
    "longitude": -47.490002
  },
  "GND": {
    "city": "St. George's",
    "country": "Grenada",
    "countryCode": "GD",
    "latitude": 12.004247,
    "longitude": -61.786192
  },
  "SJP": {
    "city": "Sao Jose do Rio Preto",
    "country": "Brazil",
    "countryCode": "BR",
    "latitude": -20.817113,
    "longitude": -49.406963
  },
  "SJK": {
    "city": "Sao Jose dos Campos",
    "country": "Brazil",
    "countryCode": "BR",
    "latitude": -23.2292,
    "longitude": -45.8615
  },
  "GRU": {
    "city": "Sao Paulo",
    "country": "Brazil",
    "countryCode": "BR",
    "latitude": -23.435556,
    "longitude": -46.473056
  },
  "TGU": {
    "city": "Tegucigalpa",
    "country": "Honduras",
    "countryCode": "HN",
    "latitude": 14.0609,
    "longitude": -87.217201
  },
  "MCT": {
    "city": "Muscat",
    "country": "Oman",
    "countryCode": "OM",
    "latitude": 23.593299865722656,
    "longitude": 58.284400939941406
  },
  "UDI": {
    "city": "Uberlandia",
    "country": "Brazil",
    "countryCode": "BR",
    "latitude": -18.882844,
    "longitude": -48.225594
  },
  "VAP": {
    "city": "Valparaiso",
    "country": "Chile",
    "countryCode": "CL",
    "latitude": -33.456417,
    "longitude": -71.648417
  },
  "VIT": {
    "city": "Vitoria",
    "country": "Spain",
    "countryCode": "ES",
    "latitude": 42.882801,
    "longitude": -2.72447
  },
  "ABJ": {
    "city": "Abidjan",
    "country": "Côte d'Ivoire",
    "countryCode": "CI",
    "latitude": 5.26139,
    "longitude": -3.92629
  },
  "ACC": {
    "city": "Accra",
    "country": "Ghana",
    "countryCode": "GH",
    "latitude": 5.605189800262451,
    "longitude": -0.16678600013256073
  },
  "ADD": {
    "city": "Addis Ababa",
    "country": "Ethiopia",
    "countryCode": "ET",
    "latitude": 8.97789,
    "longitude": 38.799301
  },
  "ALG": {
    "city": "Algiers",
    "country": "Algeria",
    "countryCode": "DZ",
    "latitude": 36.693886,
    "longitude": 3.214531
  },
  "AAE": {
    "city": "Annaba",
    "country": "Algeria",
    "countryCode": "DZ",
    "latitude": 36.826781,
    "longitude": 7.81334
  },
  "TNR": {
    "city": "Antananarivo",
    "country": "Madagascar",
    "countryCode": "MG",
    "latitude": -18.7969,
    "longitude": 47.478802
  },
  "CAI": {
    "city": "Cairo",
    "country": "Egypt",
    "countryCode": "EG",
    "latitude": 30.111534,
    "longitude": 31.396694
  },
  "CPT": {
    "city": "Cape Town",
    "country": "South Africa",
    "countryCode": "ZA",
    "latitude": -33.9648017883,
    "longitude": 18.6016998291
  },
  "DSS": {
    "city": "Dakar",
    "country": "Senegal",
    "countryCode": "SN",
    "latitude": 14.67,
    "longitude": -17.073333
  },
  "DAR": {
    "city": "Dar Es Salaam",
    "country": "Tanzania, United Republic of",
    "countryCode": "TZ",
    "latitude": -6.87811,
    "longitude": 39.202599
  },
  "JIB": {
    "city": "Djibouti",
    "country": "Djibouti",
    "countryCode": "DJ",
    "latitude": 11.546258,
    "longitude": 43.159206
  },
  "DUR": {
    "city": "Durban",
    "country": "South Africa",
    "countryCode": "ZA",
    "latitude": -29.6144444444,
    "longitude": 31.1197222222
  },
  "GBE": {
    "city": "Gaborone",
    "country": "Botswana",
    "countryCode": "BW",
    "latitude": -24.555201,
    "longitude": 25.9182
  },
  "HRE": {
    "city": "Harare",
    "country": "Zimbabwe",
    "countryCode": "ZW",
    "latitude": -17.931801,
    "longitude": 31.0928
  },
  "JNB": {
    "city": "Johannesburg",
    "country": "South Africa",
    "countryCode": "ZA",
    "latitude": -26.1392,
    "longitude": 28.246
  },
  "EBB": {
    "city": "Kampala",
    "country": "Uganda",
    "countryCode": "UG",
    "latitude": 0.042386,
    "longitude": 32.443501
  },
  "KGL": {
    "city": "Kigali",
    "country": "Rwanda",
    "countryCode": "RW",
    "latitude": -1.96863,
    "longitude": 30.1395
  },
  "FIH": {
    "city": "Kinshasa",
    "country": "Congo, the Democratic Republic of the",
    "countryCode": "CD",
    "latitude": -4.38575,
    "longitude": 15.4446
  },
  "LOS": {
    "city": "Lagos",
    "country": "Nigeria",
    "countryCode": "NG",
    "latitude": 6.5773701667785645,
    "longitude": 3.321160078048706
  },
  "LAD": {
    "city": "Luanda",
    "country": "Angola",
    "countryCode": "AO",
    "latitude": -8.85837,
    "longitude": 13.2312
  },
  "LUN": {
    "city": "Lusaka",
    "country": "Zambia",
    "countryCode": "ZM",
    "latitude": -15.330833,
    "longitude": 28.452722
  },
  "MPM": {
    "city": "Maputo",
    "country": "Mozambique",
    "countryCode": "MZ",
    "latitude": -25.920799,
    "longitude": 32.572601
  },
  "MBA": {
    "city": "Mombasa",
    "country": "Kenya",
    "countryCode": "KE",
    "latitude": -4.03483,
    "longitude": 39.5942
  },
  "NBO": {
    "city": "Nairobi",
    "country": "Kenya",
    "countryCode": "KE",
    "latitude": -1.31923997402,
    "longitude": 36.9277992249
  },
  "ORN": {
    "city": "Oran",
    "country": "Algeria",
    "countryCode": "DZ",
    "latitude": 35.623901,
    "longitude": -0.621183
  },
  "OUA": {
    "city": "Ouagadougou",
    "country": "Burkina Faso",
    "countryCode": "BF",
    "latitude": 12.3532,
    "longitude": -1.51242
  },
  "MRU": {
    "city": "Port Louis",
    "country": "Mauritius",
    "countryCode": "MU",
    "latitude": -20.430201,
    "longitude": 57.683601
  },
  "RUN": {
    "city": "Saint-Denis",
    "country": "Réunion",
    "countryCode": "RE",
    "latitude": -20.890087,
    "longitude": 55.518894
  },
  "TUN": {
    "city": "Tunis",
    "country": "Tunisia",
    "countryCode": "TN",
    "latitude": 36.851002,
    "longitude": 10.2272
  },
  "WDH": {
    "city": "Windhoek",
    "country": "Namibia",
    "countryCode": "NA",
    "latitude": -22.4799,
    "longitude": 17.4709
  },
  "ASK": {
    "city": "Yamoussoukro",
    "country": "Côte d'Ivoire",
    "countryCode": "CI",
    "latitude": 6.9031701088,
    "longitude": -5.36558008194
  },
  "AMS": {
    "city": "Amsterdam",
    "country": "Netherlands",
    "countryCode": "NL",
    "latitude": 52.308601,
    "longitude": 4.76389
  },
  "ATH": {
    "city": "Athens",
    "country": "Greece",
    "countryCode": "GR",
    "latitude": 37.936401,
    "longitude": 23.9445
  },
  "BLA": {
    "city": "Barcelona",
    "country": "Venezuela, Bolivarian Republic of",
    "countryCode": "VE",
    "latitude": 10.111111,
    "longitude": -64.692222
  },
  "BEG": {
    "city": "Belgrade",
    "country": "Serbia",
    "countryCode": "RS",
    "latitude": 44.818401,
    "longitude": 20.309099
  },
  "BER": {
    "city": "Berlin",
    "country": "Germany",
    "countryCode": "DE",
    "latitude": 52.362247,
    "longitude": 13.500672
  },
  "BOD": {
    "city": "Bordeaux",
    "country": "France",
    "countryCode": "FR",
    "latitude": 44.8283,
    "longitude": -0.715556
  },
  "BTS": {
    "city": "Bratislava",
    "country": "Slovakia",
    "countryCode": "SK",
    "latitude": 48.17020034790039,
    "longitude": 17.21269989013672
  },
  "BRU": {
    "city": "Brussels",
    "country": "Belgium",
    "countryCode": "BE",
    "latitude": 50.901402,
    "longitude": 4.48444
  },
  "OTP": {
    "city": "Bucharest",
    "country": "Romania",
    "countryCode": "RO",
    "latitude": 44.571111,
    "longitude": 26.085
  },
  "BUD": {
    "city": "Budapest",
    "country": "Hungary",
    "countryCode": "HU",
    "latitude": 47.42976,
    "longitude": 19.261093
  },
  "KIV": {
    "city": "Chisinau",
    "country": "Moldova, Republic of",
    "countryCode": "MD",
    "latitude": 46.927778,
    "longitude": 28.930833
  },
  "CPH": {
    "city": "Copenhagen",
    "country": "Denmark",
    "countryCode": "DK",
    "latitude": 55.617900848389,
    "longitude": 12.656000137329
  },
  "ORK": {
    "city": "Cork",
    "country": "Ireland",
    "countryCode": "IE",
    "latitude": 51.841269,
    "longitude": -8.491111
  },
  "DUB": {
    "city": "Dublin",
    "country": "Ireland",
    "countryCode": "IE",
    "latitude": 53.428713,
    "longitude": -6.262121
  },
  "DUS": {
    "city": "Dusseldorf",
    "country": "Germany",
    "countryCode": "DE",
    "latitude": 51.289501,
    "longitude": 6.76678
  },
  "EDI": {
    "city": "Edinburgh",
    "country": "United Kingdom",
    "countryCode": "GB",
    "latitude": 55.950145,
    "longitude": -3.372288
  },
  "FRA": {
    "city": "Frankfurt am Main",
    "country": "Germany",
    "countryCode": "DE",
    "latitude": 50.036521,
    "longitude": 8.561268
  },
  "GVA": {
    "city": "Geneva",
    "country": "Switzerland",
    "countryCode": "CH",
    "latitude": 46.23809814453125,
    "longitude": 6.108950138092041
  },
  "GOT": {
    "city": "Gothenburg",
    "country": "Sweden",
    "countryCode": "SE",
    "latitude": 57.662799835205,
    "longitude": 12.279800415039
  },
  "HAM": {
    "city": "Hamburg",
    "country": "Germany",
    "countryCode": "DE",
    "latitude": 53.630402,
    "longitude": 9.98823
  },
  "HEL": {
    "city": "Helsinki",
    "country": "Finland",
    "countryCode": "FI",
    "latitude": 60.3172,
    "longitude": 24.963301
  },
  "SAW": {
    "city": "Istanbul",
    "country": "Turkey",
    "countryCode": "TR",
    "latitude": 40.898602,
    "longitude": 29.3092
  },
  "ADB": {
    "city": "Izmir",
    "country": "Turkey",
    "countryCode": "TR",
    "latitude": 38.2924,
    "longitude": 27.157
  },
  "KJA": {
    "city": "Krasnoyarsk",
    "country": "Russian Federation",
    "countryCode": "RU",
    "latitude": 56.173077,
    "longitude": 92.492437
  },
  "IEV": {
    "city": "Kyiv",
    "country": "Ukraine",
    "countryCode": "UA",
    "latitude": 50.401667,
    "longitude": 30.451667
  },
  "LIS": {
    "city": "Lisbon",
    "country": "Portugal",
    "countryCode": "PT",
    "latitude": 38.7813,
    "longitude": -9.13592
  },
  "LTN": {
    "city": "London",
    "country": "United Kingdom",
    "countryCode": "GB",
    "latitude": 51.874698638916016,
    "longitude": -0.36833301186561584
  },
  "LUX": {
    "city": "Luxembourg",
    "country": "Luxembourg",
    "countryCode": "LU",
    "latitude": 49.6233333,
    "longitude": 6.2044444
  },
  "LYS": {
    "city": "Lyon",
    "country": "France",
    "countryCode": "FR",
    "latitude": 45.725556,
    "longitude": 5.081111
  },
  "MAD": {
    "city": "Madrid",
    "country": "Spain",
    "countryCode": "ES",
    "latitude": 40.471926,
    "longitude": -3.56264
  },
  "MAN": {
    "city": "Manchester",
    "country": "United Kingdom",
    "countryCode": "GB",
    "latitude": 53.349375,
    "longitude": -2.279521
  },
  "MRS": {
    "city": "Marseille",
    "country": "France",
    "countryCode": "FR",
    "latitude": 43.439271922,
    "longitude": 5.22142410278
  },
  "MXP": {
    "city": "Milan",
    "country": "Italy",
    "countryCode": "IT",
    "latitude": 45.6306,
    "longitude": 8.72811
  },
  "MSQ": {
    "city": "Minsk",
    "country": "Belarus",
    "countryCode": "BY",
    "latitude": 53.888071,
    "longitude": 28.039964
  },
  "ZIA": {
    "city": "Moscow",
    "country": "Russian Federation",
    "countryCode": "RU",
    "latitude": 55.553299,
    "longitude": 38.150002
  },
  "MUC": {
    "city": "Munich",
    "country": "Germany",
    "countryCode": "DE",
    "latitude": 48.353802,
    "longitude": 11.7861
  },
  "ECN": {
    "city": "Nicosia",
    "country": "Cyprus",
    "countryCode": "CY",
    "latitude": 35.152337,
    "longitude": 33.506584
  },
  "OSL": {
    "city": "Oslo",
    "country": "Norway",
    "countryCode": "NO",
    "latitude": 60.193901,
    "longitude": 11.1004
  },
  "PMO": {
    "city": "Palermo",
    "country": "Italy",
    "countryCode": "IT",
    "latitude": 38.175999,
    "longitude": 13.091
  },
  "CDG": {
    "city": "Paris",
    "country": "France",
    "countryCode": "FR",
    "latitude": 49.012798,
    "longitude": 2.55
  },
  "PRG": {
    "city": "Prague",
    "country": "Czech Republic",
    "countryCode": "CZ",
    "latitude": 50.1008,
    "longitude": 14.26
  },
  "RKV": {
    "city": "Reykjavik",
    "country": "Iceland",
    "countryCode": "IS",
    "latitude": 64.1299972534,
    "longitude": -21.9405994415
  },
  "RIX": {
    "city": "Riga",
    "country": "Latvia",
    "countryCode": "LV",
    "latitude": 56.923599,
    "longitude": 23.9711
  },
  "FCO": {
    "city": "Rome",
    "country": "Italy",
    "countryCode": "IT",
    "latitude": 41.804532,
    "longitude": 12.251998
  },
  "LED": {
    "city": "Saint Petersburg",
    "country": "Russian Federation",
    "countryCode": "RU",
    "latitude": 59.80030059814453,
    "longitude": 30.262500762939453
  },
  "SKP": {
    "city": "Skopje",
    "country": "Macedonia, the Former Yugoslav Republic of",
    "countryCode": "MK",
    "latitude": 41.961601,
    "longitude": 21.621401
  },
  "SOF": {
    "city": "Sofia",
    "country": "Bulgaria",
    "countryCode": "BG",
    "latitude": 42.696693420410156,
    "longitude": 23.411436080932617
  },
  "ARN": {
    "city": "Stockholm",
    "country": "Sweden",
    "countryCode": "SE",
    "latitude": 59.651901245117,
    "longitude": 17.918600082397
  },
  "STR": {
    "city": "Stuttgart",
    "country": "Germany",
    "countryCode": "DE",
    "latitude": 48.689899444599995,
    "longitude": 9.22196006775
  },
  "TLL": {
    "city": "Tallinn",
    "country": "Estonia",
    "countryCode": "EE",
    "latitude": 59.41329956049999,
    "longitude": 24.832799911499997
  },
  "SKG": {
    "city": "Thessaloniki",
    "country": "Greece",
    "countryCode": "GR",
    "latitude": 40.51969909667969,
    "longitude": 22.97089958190918
  },
  "TIA": {
    "city": "Tirana",
    "country": "Albania",
    "countryCode": "AL",
    "latitude": 41.4146995544,
    "longitude": 19.7206001282
  },
  "VIE": {
    "city": "Vienna",
    "country": "Austria",
    "countryCode": "AT",
    "latitude": 48.110298,
    "longitude": 16.5697
  },
  "VNO": {
    "city": "Vilnius",
    "country": "Lithuania",
    "countryCode": "LT",
    "latitude": 54.634102,
    "longitude": 25.285801
  },
  "WAW": {
    "city": "Warsaw",
    "country": "Poland",
    "countryCode": "PL",
    "latitude": 52.1656990051,
    "longitude": 20.967100143399996
  },
  "ZAG": {
    "city": "Zagreb",
    "country": "Croatia",
    "countryCode": "HR",
    "latitude": 45.7429008484,
    "longitude": 16.0687999725
  },
  "ZRH": {
    "city": "Zurich",
    "country": "Switzerland",
    "countryCode": "CH",
    "latitude": 47.458056,
    "longitude": 8.548056
  },
  "AMM": {
    "city": "Amman",
    "country": "Jordan",
    "countryCode": "JO",
    "latitude": 31.7226009369,
    "longitude": 35.9931983948
  },
  "BGW": {
    "city": "Baghdad",
    "country": "Iraq",
    "countryCode": "IQ",
    "latitude": 33.262501,
    "longitude": 44.2346
  },
  "BSR": {
    "city": "Basrah",
    "country": "Iraq",
    "countryCode": "IQ",
    "latitude": 30.549101,
    "longitude": 47.662102
  },
  "BEY": {
    "city": "Beirut",
    "country": "Lebanon",
    "countryCode": "LB",
    "latitude": 33.820899963378906,
    "longitude": 35.488399505615234
  },
  "DMM": {
    "city": "Dammam",
    "country": "Saudi Arabia",
    "countryCode": "SA",
    "latitude": 26.471194,
    "longitude": 49.798583
  },
  "DOH": {
    "city": "Doha",
    "country": "Qatar",
    "countryCode": "QA",
    "latitude": 25.273056,
    "longitude": 51.608056
  },
  "DXB": {
    "city": "Dubai",
    "country": "United Arab Emirates",
    "countryCode": "AE",
    "latitude": 25.2527999878,
    "longitude": 55.3643989563
  },
  "EBL": {
    "city": "Erbil",
    "country": "Iraq",
    "countryCode": "IQ",
    "latitude": 36.23759841918945,
    "longitude": 43.963199615478516
  },
  "HFA": {
    "city": "Haifa",
    "country": "Israel",
    "countryCode": "IL",
    "latitude": 32.80939865112305,
    "longitude": 35.04309844970703
  },
  "JED": {
    "city": "Jeddah",
    "country": "Saudi Arabia",
    "countryCode": "SA",
    "latitude": 21.6796,
    "longitude": 39.156502
  },
  "KWI": {
    "city": "Kuwait City",
    "country": "Kuwait",
    "countryCode": "KW",
    "latitude": 29.226601,
    "longitude": 47.968899
  },
  "BAH": {
    "city": "Manama",
    "country": "Bahrain",
    "countryCode": "BH",
    "latitude": 26.267295,
    "longitude": 50.63764
  },
  "NJF": {
    "city": "Najaf",
    "country": "Iraq",
    "countryCode": "IQ",
    "latitude": 31.989853,
    "longitude": 44.404317
  },
  "XNH": {
    "city": "Nasiriyah",
    "country": "Iraq",
    "countryCode": "IQ",
    "latitude": 30.935801,
    "longitude": 46.090099
  },
  "JRS": {
    "city": "Ramallah",
    "country": "Israel",
    "countryCode": "IL",
    "latitude": 31.864722,
    "longitude": 35.219167
  },
  "RUH": {
    "city": "Riyadh",
    "country": "Saudi Arabia",
    "countryCode": "SA",
    "latitude": 24.957599639892578,
    "longitude": 46.69879913330078
  },
  "ISU": {
    "city": "Sulaymaniyah",
    "country": "Iraq",
    "countryCode": "IQ",
    "latitude": 35.5617485046,
    "longitude": 45.316738128699996
  },
  "TLV": {
    "city": "Tel Aviv",
    "country": "Israel",
    "countryCode": "IL",
    "latitude": 32.01139831542969,
    "longitude": 34.88669967651367
  },
  "AMD": {
    "city": "Ahmedabad",
    "country": "India",
    "countryCode": "IN",
    "latitude": 23.0772,
    "longitude": 72.634697
  },
  "AKX": {
    "city": "Aktobe",
    "country": "Kazakhstan",
    "countryCode": "KZ",
    "latitude": 50.2458,
    "longitude": 57.206699
  },
  "ALA": {
    "city": "Almaty",
    "country": "Kazakhstan",
    "countryCode": "KZ",
    "latitude": 43.354267,
    "longitude": 77.042828
  },
  "NQZ": {
    "city": "Astana",
    "country": "Kazakhstan",
    "countryCode": "KZ",
    "latitude": 51.022202,
    "longitude": 71.466904
  },
  "LLK": {
    "city": "Astara",
    "country": "Azerbaijan",
    "countryCode": "AZ",
    "latitude": 38.4447,
    "longitude": 48.494
  },
  "GYD": {
    "city": "Baku",
    "country": "Azerbaijan",
    "countryCode": "AZ",
    "latitude": 40.467498779296875,
    "longitude": 50.04669952392578
  },
  "BWN": {
    "city": "Bandar Seri Begawan",
    "country": "Brunei Darussalam",
    "countryCode": "BN",
    "latitude": 4.9442,
    "longitude": 114.928001
  },
  "BLR": {
    "city": "Bangalore",
    "country": "India",
    "countryCode": "IN",
    "latitude": 13.1979,
    "longitude": 77.706299
  },
  "DMK": {
    "city": "Bangkok",
    "country": "Thailand",
    "countryCode": "TH",
    "latitude": 13.9125995636,
    "longitude": 100.607002258
  },
  "BBI": {
    "city": "Bhubaneswar",
    "country": "India",
    "countryCode": "IN",
    "latitude": 20.244400024399997,
    "longitude": 85.8178024292
  },
  "CGY": {
    "city": "Cagayan de Oro",
    "country": "Philippines",
    "countryCode": "PH",
    "latitude": 8.612203,
    "longitude": 124.456496
  },
  "CEB": {
    "city": "Cebu",
    "country": "Philippines",
    "countryCode": "PH",
    "latitude": 10.307222,
    "longitude": 123.978889
  },
  "IXC": {
    "city": "Chandigarh",
    "country": "India",
    "countryCode": "IN",
    "latitude": 30.6735,
    "longitude": 76.788498
  },
  "MAA": {
    "city": "Chennai",
    "country": "India",
    "countryCode": "IN",
    "latitude": 12.990005,
    "longitude": 80.169296
  },
  "CNX": {
    "city": "Chiang Mai",
    "country": "Thailand",
    "countryCode": "TH",
    "latitude": 18.766799926799997,
    "longitude": 98.962600708
  },
  "CGP": {
    "city": "Chittagong",
    "country": "Bangladesh",
    "countryCode": "BD",
    "latitude": 22.249599,
    "longitude": 91.813301
  },
  "CMB": {
    "city": "Colombo",
    "country": "Sri Lanka",
    "countryCode": "LK",
    "latitude": 7.180759906768799,
    "longitude": 79.88410186767578
  },
  "DAD": {
    "city": "Da Nang",
    "country": "Viet Nam",
    "countryCode": "VN",
    "latitude": 16.0439,
    "longitude": 108.198997
  },
  "DPS": {
    "city": "Denpasar",
    "country": "Indonesia",
    "countryCode": "ID",
    "latitude": -8.74817,
    "longitude": 115.167
  },
  "DAC": {
    "city": "Dhaka",
    "country": "Bangladesh",
    "countryCode": "BD",
    "latitude": 23.843347,
    "longitude": 90.397783
  },
  "FUK": {
    "city": "Fukuoka",
    "country": "Japan",
    "countryCode": "JP",
    "latitude": 33.585899353027344,
    "longitude": 130.4510040283203
  },
  "HAN": {
    "city": "Hanoi",
    "country": "Viet Nam",
    "countryCode": "VN",
    "latitude": 21.221201,
    "longitude": 105.806999
  },
  "SGN": {
    "city": "Ho Chi Minh City",
    "country": "Viet Nam",
    "countryCode": "VN",
    "latitude": 10.8188,
    "longitude": 106.652
  },
  "HKG": {
    "city": "Hong Kong",
    "country": "Hong Kong",
    "countryCode": "HK",
    "latitude": 22.308901,
    "longitude": 113.915001
  },
  "HYD": {
    "city": "Hyderabad",
    "country": "India",
    "countryCode": "IN",
    "latitude": 17.231318,
    "longitude": 78.429855
  },
  "ISB": {
    "city": "Islamabad",
    "country": "Pakistan",
    "countryCode": "PK",
    "latitude": 33.549,
    "longitude": 72.82566
  },
  "CGK": {
    "city": "Jakarta",
    "country": "Indonesia",
    "countryCode": "ID",
    "latitude": -6.1255698204,
    "longitude": 106.65599823
  },
  "JHB": {
    "city": "Johor Bahru",
    "country": "Malaysia",
    "countryCode": "MY",
    "latitude": 1.64131,
    "longitude": 103.669998
  },
  "CNN": {
    "city": "Kannur",
    "country": "India",
    "countryCode": "IN",
    "latitude": 11.918614,
    "longitude": 75.547211
  },
  "KNU": {
    "city": "Kanpur",
    "country": "India",
    "countryCode": "IN",
    "latitude": 26.404301,
    "longitude": 80.410103
  },
  "KHH": {
    "city": "Kaohsiung City",
    "country": "Taiwan, Province of China",
    "countryCode": "TW",
    "latitude": 22.577101,
    "longitude": 120.349998
  },
  "KHI": {
    "city": "Karachi",
    "country": "Pakistan",
    "countryCode": "PK",
    "latitude": 24.9065,
    "longitude": 67.160797
  },
  "KTM": {
    "city": "Kathmandu",
    "country": "Nepal",
    "countryCode": "NP",
    "latitude": 27.6966,
    "longitude": 85.3591
  },
  "COK": {
    "city": "Kochi",
    "country": "India",
    "countryCode": "IN",
    "latitude": 10.152,
    "longitude": 76.401901
  },
  "CCU": {
    "city": "Kolkata",
    "country": "India",
    "countryCode": "IN",
    "latitude": 22.654699325561523,
    "longitude": 88.44670104980469
  },
  "KUL": {
    "city": "Kuala Lumpur",
    "country": "Malaysia",
    "countryCode": "MY",
    "latitude": 2.74558,
    "longitude": 101.709999
  },
  "KCH": {
    "city": "Kuching",
    "country": "Malaysia",
    "countryCode": "MY",
    "latitude": 1.487364,
    "longitude": 110.352859
  },
  "LHE": {
    "city": "Lahore",
    "country": "Pakistan",
    "countryCode": "PK",
    "latitude": 31.521601,
    "longitude": 74.403603
  },
  "MFM": {
    "city": "Macau",
    "country": "Macao",
    "countryCode": "MO",
    "latitude": 22.149599,
    "longitude": 113.592003
  },
  "MLE": {
    "city": "Male",
    "country": "Maldives",
    "countryCode": "MV",
    "latitude": 4.191667,
    "longitude": 73.528889
  },
  "MNL": {
    "city": "Manila",
    "country": "Philippines",
    "countryCode": "PH",
    "latitude": 14.5086,
    "longitude": 121.019997
  },
  "BOM": {
    "city": "Mumbai",
    "country": "India",
    "countryCode": "IN",
    "latitude": 19.0886993408,
    "longitude": 72.8678970337
  },
  "NAG": {
    "city": "Nagpur",
    "country": "India",
    "countryCode": "IN",
    "latitude": 21.092199,
    "longitude": 79.047203
  },
  "OKA": {
    "city": "Naha",
    "country": "Japan",
    "countryCode": "JP",
    "latitude": 26.195801,
    "longitude": 127.646004
  },
  "DEL": {
    "city": "New Delhi",
    "country": "India",
    "countryCode": "IN",
    "latitude": 28.55563,
    "longitude": 77.09519
  },
  "KIX": {
    "city": "Osaka",
    "country": "Japan",
    "countryCode": "JP",
    "latitude": 34.427299,
    "longitude": 135.244003
  },
  "PAT": {
    "city": "Patna",
    "country": "India",
    "countryCode": "IN",
    "latitude": 25.591299,
    "longitude": 85.087997
  },
  "PNH": {
    "city": "Phnom Penh",
    "country": "Cambodia",
    "countryCode": "KH",
    "latitude": 11.5466,
    "longitude": 104.844002
  },
  "ICN": {
    "city": "Seoul",
    "country": "Korea, Republic of",
    "countryCode": "KR",
    "latitude": 37.46910095214844,
    "longitude": 126.45099639892578
  },
  "SIN": {
    "city": "Singapore",
    "country": "Singapore",
    "countryCode": "SG",
    "latitude": 1.35019,
    "longitude": 103.994003
  },
  "URT": {
    "city": "Surat Thani",
    "country": "Thailand",
    "countryCode": "TH",
    "latitude": 9.13259983063,
    "longitude": 99.135597229
  },
  "TSA": {
    "city": "Taipei",
    "country": "Taiwan, Province of China",
    "countryCode": "TW",
    "latitude": 25.069400787353516,
    "longitude": 121.552001953125
  },
  "CRK": {
    "city": "Tarlac City",
    "country": "Philippines",
    "countryCode": "PH",
    "latitude": 15.47707,
    "longitude": 120.59405
  },
  "TBS": {
    "city": "Tbilisi",
    "country": "Georgia",
    "countryCode": "GE",
    "latitude": 41.6692008972,
    "longitude": 44.95470047
  },
  "PBH": {
    "city": "Thimphu",
    "country": "Bhutan",
    "countryCode": "BT",
    "latitude": 27.4513,
    "longitude": 89.6557
  },
  "NRT": {
    "city": "Tokyo",
    "country": "Japan",
    "countryCode": "JP",
    "latitude": 35.764702,
    "longitude": 140.386002
  },
  "UBN": {
    "city": "Ulaanbaatar",
    "country": "Mongolia",
    "countryCode": "MN",
    "latitude": 47.646916,
    "longitude": 106.819833
  },
  "VTE": {
    "city": "Vientiane",
    "country": "Lao People's Democratic Republic",
    "countryCode": "LA",
    "latitude": 17.988300323500003,
    "longitude": 102.56300354
  },
  "EVN": {
    "city": "Yerevan",
    "country": "Armenia",
    "countryCode": "AM",
    "latitude": 40.1473007202,
    "longitude": 44.3959007263
  },
  "YIA": {
    "city": "Yogyakarta",
    "country": "Indonesia",
    "countryCode": "ID",
    "latitude": -7.905338,
    "longitude": 110.057264
  },
  "IQN": {
    "city": "Baoji",
    "country": "China",
    "countryCode": "CN",
    "latitude": 35.7997222222,
    "longitude": 107.6027777778
  },
  "BHY": {
    "city": "Beihai",
    "country": "China",
    "countryCode": "CN",
    "latitude": 21.5394,
    "longitude": 109.293999
  },
  "PEK": {
    "city": "Beijing",
    "country": "China",
    "countryCode": "CN",
    "latitude": 40.080101013183594,
    "longitude": 116.58499908447266
  },
  "CGD": {
    "city": "Changde",
    "country": "China",
    "countryCode": "CN",
    "latitude": 28.9189,
    "longitude": 111.639999
  },
  "CSX": {
    "city": "Changsha",
    "country": "China",
    "countryCode": "CN",
    "latitude": 28.189199,
    "longitude": 113.220001
  },
  "CZX": {
    "city": "Changzhou",
    "country": "China",
    "countryCode": "CN",
    "latitude": 31.919701,
    "longitude": 119.778999
  },
  "TFU": {
    "city": "Chengdu",
    "country": "China",
    "countryCode": "CN",
    "latitude": 30.31252,
    "longitude": 104.441284
  },
  "HAK": {
    "city": "Haikou",
    "country": "China",
    "countryCode": "CN",
    "latitude": 19.9349,
    "longitude": 110.459
  },
  "CKG": {
    "city": "Chongqing",
    "country": "China",
    "countryCode": "CN",
    "latitude": 29.712254,
    "longitude": 106.651895
  },
  "DLC": {
    "city": "Dalian",
    "country": "China",
    "countryCode": "CN",
    "latitude": 38.965698,
    "longitude": 121.539001
  },
  "FUO": {
    "city": "Foshan",
    "country": "China",
    "countryCode": "CN",
    "latitude": 23.0833,
    "longitude": 113.07
  },
  "FOC": {
    "city": "Fuzhou",
    "country": "China",
    "countryCode": "CN",
    "latitude": 25.934669,
    "longitude": 119.66318
  },
  "CAN": {
    "city": "Guangzhou",
    "country": "China",
    "countryCode": "CN",
    "latitude": 23.392401,
    "longitude": 113.299004
  },
  "KWE": {
    "city": "Guiyang",
    "country": "China",
    "countryCode": "CN",
    "latitude": 26.541466,
    "longitude": 106.803331
  },
  "SJW": {
    "city": "Shijiazhuang",
    "country": "China",
    "countryCode": "CN",
    "latitude": 38.280701,
    "longitude": 114.696999
  },
  "HGH": {
    "city": "Shaoxing",
    "country": "China",
    "countryCode": "CN",
    "latitude": 29.4535,
    "longitude": 121.0104
  },
  "TNA": {
    "city": "Zibo",
    "country": "China",
    "countryCode": "CN",
    "latitude": 36.80982,
    "longitude": 117.8922
  },
  "KMG": {
    "city": "Kunming",
    "country": "China",
    "countryCode": "CN",
    "latitude": 25.110313,
    "longitude": 102.936743
  },
  "NAY": {
    "city": "Langfang",
    "country": "China",
    "countryCode": "CN",
    "latitude": 39.7827987670898,
    "longitude": 116.388000488281
  },
  "KHN": {
    "city": "Nanchang",
    "country": "China",
    "countryCode": "CN",
    "latitude": 28.864815,
    "longitude": 115.90271
  },
  "NNG": {
    "city": "Nanning",
    "country": "China",
    "countryCode": "CN",
    "latitude": 22.608299,
    "longitude": 108.171997
  },
  "TAO": {
    "city": "Qingdao",
    "country": "China",
    "countryCode": "CN",
    "latitude": 36.361953,
    "longitude": 120.088171
  },
  "PVG": {
    "city": "Shanghai",
    "country": "China",
    "countryCode": "CN",
    "latitude": 31.1434,
    "longitude": 121.805
  },
  "SZX": {
    "city": "Zhongshan",
    "country": "China",
    "countryCode": "CN",
    "latitude": 22.52316,
    "longitude": 113.38264
  },
  "HYN": {
    "city": "Taizhou",
    "country": "China",
    "countryCode": "CN",
    "latitude": 28.562222,
    "longitude": 121.428611
  },
  "TEN": {
    "city": "Tongren",
    "country": "China",
    "countryCode": "CN",
    "latitude": 27.883333,
    "longitude": 109.308889
  },
  "XFN": {
    "city": "Xiangyang",
    "country": "China",
    "countryCode": "CN",
    "latitude": 32.152222,
    "longitude": 112.291666
  },
  "XNN": {
    "city": "Xining",
    "country": "China",
    "countryCode": "CN",
    "latitude": 36.528295,
    "longitude": 102.040157
  },
  "TYN": {
    "city": "Yangquan",
    "country": "China",
    "countryCode": "CN",
    "latitude": 37.746899,
    "longitude": 112.627998
  },
  "CGO": {
    "city": "Zhengzhou",
    "country": "China",
    "countryCode": "CN",
    "latitude": 34.526497,
    "longitude": 113.849165
  },
  "ADL": {
    "city": "Adelaide",
    "country": "Australia",
    "countryCode": "AU",
    "latitude": -34.947512,
    "longitude": 138.533393
  },
  "AKL": {
    "city": "Auckland",
    "country": "New Zealand",
    "countryCode": "NZ",
    "latitude": -37.01199,
    "longitude": 174.786331
  },
  "BNE": {
    "city": "Brisbane",
    "country": "Australia",
    "countryCode": "AU",
    "latitude": -27.384199142456055,
    "longitude": 153.11700439453125
  },
  "CBR": {
    "city": "Canberra",
    "country": "Australia",
    "countryCode": "AU",
    "latitude": -35.3069,
    "longitude": 149.195007
  },
  "CHC": {
    "city": "Christchurch",
    "country": "New Zealand",
    "countryCode": "NZ",
    "latitude": -43.48939895629883,
    "longitude": 172.53199768066406
  },
  "GUM": {
    "city": "Hagatna",
    "country": "Guam",
    "countryCode": "GU",
    "latitude": 13.483889,
    "longitude": 144.797222
  },
  "HBA": {
    "city": "Hobart",
    "country": "Australia",
    "countryCode": "AU",
    "latitude": -42.836101532,
    "longitude": 147.509994507
  },
  "MEL": {
    "city": "Melbourne",
    "country": "Australia",
    "countryCode": "AU",
    "latitude": -37.673302,
    "longitude": 144.843002
  },
  "NOU": {
    "city": "Noumea",
    "country": "New Caledonia",
    "countryCode": "NC",
    "latitude": -22.016389,
    "longitude": 166.216111
  },
  "PER": {
    "city": "Perth",
    "country": "Australia",
    "countryCode": "AU",
    "latitude": -31.94029998779297,
    "longitude": 115.96700286865234
  },
  "SUV": {
    "city": "Suva",
    "country": "Fiji",
    "countryCode": "FJ",
    "latitude": -18.04330062866211,
    "longitude": 178.5590057373047
  },
  "SYD": {
    "city": "Sydney",
    "country": "Australia",
    "countryCode": "AU",
    "latitude": -33.94609832763672,
    "longitude": 151.177001953125
  },
  "PPT": {
    "city": "Tahiti",
    "country": "French Polynesia",
    "countryCode": "PF",
    "latitude": -17.553699,
    "longitude": -149.606995
  }
}